# TORE-authored (AI-drafted, PENDING_NATIVE_REVIEW). ACADEMIC domain.
@N
судалгаа судлаач судалгааны ажил шинжилгээ шинжлэх ухаан эрдэм шинжилгээ эрдэм шинжилгээний ажил онол онолын арга зүй аргачлал арга хэмжээ загвар хэв шинж хэв маяг тодорхойлолт ойлголт ухагдахуун категори ангилал бүтэц тогтолцоо систем систем хэв шинж
таамаглал таамаг дүгнэлт дүн шинжилгээ үр дүн үр дүнгийн хэлэлцүүлэг үндэслэл үндэслэл нотолгоо иш татах ишлэл эх сурвалж ном зүй хавсралт хүснэгт график зураг томьёо тэгшитгэл тооцоо тооцоолол хэмжилт хэмжүүр түүвэр түүвэрлэлт хувьсагч хамаарал хамаарлын шинжилгээ статистик статистикийн магадлал магадлалын тархалт дундаж хазайлт
өгүүлэл бүтээл диссертаци дипломын ажил тезис хураангуй удиртгал үндсэн хэсэг дүгнэлт ном зүй хянан тохиолдол хэрэглээ практик хэрэгжилт туршилт лабораторийн тоног төхөөрөмж
хэл шинжлэл хэл зүй авиа зүй үгийн сан үг зүй өгүүлбэр зүй утга зүй найруулга зүй зөв бичих зөв бичихийн дүрэм хэлний хэм хэмжээ хэлний дүрэм уран зохиолын хэл сэтгэл зүй нийгэм судлал философи түүх судлал хууль зүй эдийн засаг социологи антропологи археологи геологи биологи хими физик математик мэдээлэл зүй
@ADJ
онолын практик арга зүйн статистик шинжлэх ухааны эрдэм шинжилгээний харьцуулсан дүн шинжилгээний тоон чанарын логик нэгдсэн тогтолцооны үндэслэлтэй
@N
диаграмм лаборатори
@N conf=L
эксперимент
