# TORE-authored (AI-drafted, PENDING_NATIVE_REVIEW), Phase 3 business / finance / contracts pack. PROVISIONAL tier. Lemma forms only.
@N
компани аж ахуйн нэгж байгууллага хувьцаа хувьцаат компани хязгаарлагдмал хариуцлагатай компани хувьцаа эзэмшигч хувь нийлүүлсэн хөрөнгө дүрэм
захирал захирал зөвлөл хяналтын зөвлөл ширээ хурал хурлын протокол тогтоол ногдол ашиг ашиг алдагдал орлого зарлага зардал өртөг
борлуулалт борлуулагч худалдан авагч хэрэглэгч харилцагч нийлүүлэгч захиалагч гүйцэтгэгч гэрээ гэрээний нөхцөл үнэ тариф хөнгөлөлт хямдрал
санхүү санхүүгийн тайлан баланс нягтлан бүртгэл нягтлан бодогч аудит аудитор татвар татварын тайлан нөөц нөөцийн хөрөнгө өр өглөг авлага зээл зээлдэгч зээлдүүлэгч
хүү хүүгийн хэмжээ хадгаламж данс дансны үлдэгдэл шилжүүлэг төлбөр төлбөрийн баримт нэхэмжлэл тооцоо тооцоо
хөрөнгө оруулалт хөрөнгө оруулагч хөрөнгийн зах зээл бонд үнэт цаас хувьцаа ногдол санхүүжилт бизнес бизнесийн төлөвлөгөө стратеги маркетинг борлуулалтын
менежер менежмент удирдлага ажилтан ажил олгогч хөдөлмөрийн гэрээ цалин урамшуулал нийгмийн даатгал эрүүл мэндийн даатгал даатгал даатгагч
үйлдвэр үйлдвэрлэл бүтээгдэхүүн үйлчилгээ чанар стандарт сертификат лиценз импорт экспорт гааль тээвэр логистик нөөц
@V
борлуулах худалдах худалдан авах үйлдвэрлэх нийлүүлэх захиалах төлөх тооцох нягтлах бүртгэх шилжүүлэх зээлэх хадгалах хөрөнгө оруулах ногдуулах хураах
@ADJ
санхүүгийн татварын арилжааны худалдааны хөрөнгийн ашигтай ашиггүй өрийн
@V
гүйцэтгэх удирдах бодох нэхэмжлэх нийлэх агуулах
