# TORE-authored (AI-drafted, PENDING_NATIVE_REVIEW). BUSINESS and FINANCE domain.
@N
бизнес компани корпораци хувьцаат компани хязгаарлагдмал хариуцлагатай компани хамтрагч түнш хувьцаа эзэмшигч хувьцаа эзэмшигчид үүсгэн байгуулагч захирлын зөвлөл гүйцэтгэх захирал санхүүгийн захирал маркетинг борлуулалт худалдан авалт нийлүүлэлт агуулах хангамж үйлдвэрлэл чанар баталгаа стандарт сертификат лиценз
санхүү банк банкны данс данс дансны дугаар карт зээл зээлийн хүү хүү хадгаламж хөрөнгө оруулагч хөрөнгө оруулалт хөрөнгийн зах зээл хувьцааны зах зээл бирж арилжаа арилжаалах үнэт цаас хувьцаа бонд даатгал даатгагч даатгуулагч шимтгэл нөхөн төлбөр удирдлага үнэлгээ
нягтлан бодох бүртгэл тайлан баланс орлогын тайлан мөнгөн гүйлгээ эргэлтийн хөрөнгө үндсэн хөрөнгө хөрөнгийн өртөг элэгдэл өр өглөг авлага зардал орлого ашиг ашигт ажиллагаа алдагдал татвар нэмэгдсэн өртгийн албан татвар аж ахуйн нэгжийн орлогын албан татвар хураамж шимтгэл
гэрээ нөхцөл үнийн санал үнийн жагсаалт нэхэмжлэх нэхэмжлэл төлбөр төлбөрийн нөхцөл төлбөрийн хуваарь урьдчилгаа үлдэгдэл хөнгөлөлт хямдрал урамшуулал бонус комисс шагнал цалин хөлс нэмэгдэл
стратеги төлөвлөгөө бизнес төлөвлөгөө маркетингийн төлөвлөгөө зорилт үзүүлэлт гүйцэтгэлийн үзүүлэлт үр ашиг бүтээмж өрсөлдөөн өрсөлдөгч зах зээлийн хувь хэрэглэгчийн хэрэгцээ хэрэглэгчийн үйлчилгээ худалдааны төлөөлөгч худалдааны төв дэлгүүр онлайн дэлгүүр захиалга захиалагч хүргэлт
@V
худалдан авах борлуулах нийлүүлэх захиалах захиалгаа өгөх хүргэх төлөх төлөгдөх нэхэмжлэх зээлдэх зээлдүүлэх хөрөнгө оруулах арилжаалах даатгуулах даатгах нягтлах тайлагнах төлөвлөх төсөвлөх хэмнэх үр ашгийг нэмэгдүүлэх өрсөлдөх хамтран ажиллах гэрээ байгуулах гэрээ цуцлах
@N
логистик
@N conf=L
партнер дериватив
