# TORE-authored (AI-drafted, PENDING_NATIVE_REVIEW). More verb infinitives.
@V
оролцох оролцуулах оролцогч байлцах илтгэх илтгэл тавих хэлэх уншуулах тоглуулах дуулуулах бүжиглүүлэх бичүүлэх зуруулах харуулах сонсуулах мэдүүлэх
хөөрөх бууж өгөх хөөргөх тогтох тогтоох зогсох зогсоох хойшлуулах хойшлох түр зогсоох үргэлжлүүлэх хурдасгах удаашрах хурдан хийх
угаах цэвэрлэх тоос арчих шүүрдэх хаях үнэрлэх амтлах мэдрэх хүрэх тэмтрэх барих атгах шахах дарах түлхэх татах чирэх өргөх буулгах тавих тавигдах босгох унагаах унах гулгах гүйх хурдлах алхах бүжих үсрэх цохих алгадах өшиглөх тулалдах зодолдох зодох бариулах
хайрлах хайрлуулах дурлах сэтгэлд тусах хүндлүүлэх хүлээх найдах санагдах санах сэтгэх сэтгэл зовох зовоох зовох гомдох гомдоох баярлуулах баярлах уйдах уйтгарлах бухимдах уурлах уурлуулах цочих цочоох гайхах гайхуулах бахархах бахархуулах эгдүүцэх эгдүүцүүлэх
сургах сургаж заах сурч мэдэх мэдүүлэх сурталчлах сурталчилгаа хийх таниулах таних танигдах нэрлэх нэрлэгдэх нэрээ өгөх дуудагдах дуудах хэмээх хэмээн нэрлэх
амьдрах амьдруулах амьдралаа залгуулах  төрөх төрүүлэх өсөх өсөж торох томрох томруулах жижгэрэх жижгэрүүлэх хөгшрөх залуужих эрүүлжих
хөдөлгөх хөдлөх хөдөлмөрлөх хөдөлмөр эрхлэх эрхлүүлэх ажиллуулах ажилд авах ажлаас халах ажлаас чөлөөлөх цалинжуулах цалинжих урамшуулах
ярилцах ярилцлага хийх ярилцлага өгөх хэлэлцэх хэлэлцүүлэх ярьж өгөх зөвлөх зөвлөлдөх зөвшилцөх тайлбарлах таниулах урих урилга илгээх хүлээн авах хүлээж авах угтах үдэх үдэж гаргах дагалдах хамт явах
үзүүлэх гэрэлтэх гэрэлтүүлэх гялалзах гялбах гэрэлтэй байх харагдах гарч ирэх ил болох илэрхийлэх илэрхийлэгдэх илрэх илрүүлэх олж илрүүлэх 
зөвшөөрөл олгох татгалзах тэвчих тэвчээртэй байх хүлцэх хүлцэнгүй байх тэсвэрлэх тэсэх тэсэж үлдэх үлдэх үлдээх орхих орхигдох
