# TORE-authored (AI-drafted, PENDING_NATIVE_REVIEW). Phase 2 lemma batch B (real-text UNKNOWN taxonomy). Base forms only.
@N
залуу техник ипотек холбогдол оргил язгуур хатагтай авьяас цогц урам явц онц дурлал талст бэрхшээл зөндөө дийлэнх хожим баримал царай буян гоёл айлчлал шүүмжлэл ижий өнцөг тодотгол булан алдар илрэл ургац хувьсгал байгууламж сураг үзүүлбэр эрэл нислэг инээд цэнэ мөч тойм эгшиг гэгээ сүнс хишиг боомт барил хором хөшөө цэнгүүн үнэр эргэлзээ үзвэр өргөтгөл хүүрнэл олонх цохивор өчнөөн даашинз бааз худаг хөшүүрэг лаа салаа унага ололт манан уриа өршөөл боть уялдаа дэм суудал түлхэц дуугаралт бөмбөрчин зүүд урлаг үйл шүтлэг оршил хийлч ялагч өмсөгч нөхөр
@N loan
фестиваль форум дипломат социализм рубль концесс транзит юань баррель модель тенор баритон сопрано хайку супер
@ADJ
гэгээн эмзэг гүнзгий таагүй түгээмэл туйлын нааштай зогсонги дэмий тааруу ташаа бардам шидэт нүсэр өөдрөг үлэмж эргэлзээтэй хурдацтай ууган өчүүхэн алс тухтай аугаа ээлтэй дорвитой цаад дургүй хачин төрөлх модон ноцтой эмгэнэлт худал үлээвэр нэлээн боловсронгуй
@V
дуулах баригдах хийгдэх явагдах зорих анхаарах зэхэх ажиллуулах шалгаруулах санагдах өгүүлэх урлах хөндөх эхлүүлэх илрэх нийлэх сэргээх сэргэх арилжигдах таарах туулах дэвшүүлэх амилуулах мэдрүүлэх тэлэх нөхөх нэгтгэх шилжүүлэх эргэлзэх уйлах ухах өргөтгөх биелүүлэх ногдох түшиглэх уриалах залах хариуцах цуглуулах магтах шүүмжлэх зөвшөөрөх хандуулах давтагдах тулгамдах баримтлах зарагдах сайжруулах сайжрах байлдах холбогдох холбогдуулах өнгөрөх барих мэдээлэх түлхэх тодорхойлох дуулгах урсах тоглогдох эрхлэх эрчимжүүлэх
@PART no-infl
ганц эргэн цааш цаашлаад өдгөө эдүгээ түүнчлэн мэтчилэн байтугай тусам гагцхүү даруй ядан гайгүй чамгүй шахуу сайтар урагшаа цуг тийш тийшээ түрүүн нааш доош дээш өдий зуур ихэнхдээ амиа бүхэн
