# TORE-authored (AI-drafted, PENDING_NATIVE_REVIEW). Closed classes: pronouns, particles,
# conjunctions, postpositions, adverbs, interjections, numerals. See build-spell-packs.ts for the format.
@PRON no-infl
би чи та тэр энэ тэд бид эд тэдгээр эдгээр хэн юу яаж ямар аль хэд хэдэн хэдэн хэзээ хаана хаашаа хаанаас хэрхэн яагаад ингэж тэгж яахав
өөр өөрөө өөрсдөө өөрийгөө өөрийн өөрт өөрөөс өөртэй
хэн нэгэн хэн ч юу ч ямар ч хэзээ ч хаана ч хэн хүн
@PART no-infl
ажээ ба болон бөгөөд эсвэл эсхүл мөн гэхдээ харин гэвч бөгөөд тэгээд тэгвэл тиймээс учир иймд ингээд ингэвэл тиймдээ
бол бол гэж гэх гэсэн гэдэг гэжээ гэнэ гэв гэлээ хэмээн хэмээх гэвэл гэтэл
юм бай байна байв байлаа байжээ билээ биз бэ вэ уу үү 
ч л нь минь чинь маань чинь тань
дээр доор дотор гадна өмнө хойно хойно дараа урд арын хажууд хажуу хооронд дунд орчим шахам
талаар тухай талаас тухайд хэрэг учраас улмаас үүднээс хувьд хувиар тулд зэрэг зэргийн шиг мэт адил адилхан
руу рүү руугаа рүүгээ хүртэл хойш өдийд дагуу дагуу даяар туршид болтол
маш их тун нэлээд арай бага багахан бараг цөөн олон бүх бүгд бүгдээрээ хамт хамтдаа тус тэр тэрхүү энэхүү
одоо өнөөдөр өчигдөр маргааш нөгөөдөр урьд сая саяхан удахгүй дахин дахиад заримдаа үргэлж байнга ердөө зөвхөн
үгүй тийм тиймээ зүгээр ойлгомжтой болов болох
за аа хөөе өө ээ ай сайн байна уу баярлалаа уучлаарай гуйя
бүү битгий хэзээ ч үгүй ч
@N
нэг хоёр гурав дөрөв тав зургаа долоо найм ес арав хорь гуч дөч тавь жар дал ная ер зуу мянга сая тэрбум
@PART no-infl
нэгэн хоёрдугаар арван хорин гучин дөчин тавин жаран далан наян ерэн
нэгдүгээр хоёрдугаар гуравдугаар дөрөвдүгээр тавдугаар зургадугаар долдугаар наймдугаар есдүгээр аравдугаар
арван нэгдүгээр арван хоёрдугаар гучдугаар дөчдүгээр тавьдугаар жардугаар далдугаар наядугаар ердүгээр
нэгээс хоёроос гуравдугаар сар
хоёулаа гурвуулаа 
@X form lemma=би
миний надад намайг надаас надтай надаар бидний бидэнд биднийг бидэнтэй бидэнээс бидэнд
@X form lemma=чи
чиний чамд чамайг чамаас чамтай чамаар
@X form lemma=та
таны танд таныг танаас тантай танаар
@X form lemma=тэр
түүний түүнд түүнийг түүнээс түүнтэй түүгээр
@X form lemma=тэд
тэдний тэдэнд тэднийг тэднээс тэдэнтэй тэдгээрийн тэдгээрт тэдгээрийг тэдгээрээс
@X form lemma=энэ
үүний үүнд үүнийг үүнээс үүнтэй үүгээр эдгээрийн эдгээрт эдгээрийг эдгээрээс
@X form lemma=хэн
хэний хэнд хэнийг хэнээс хэнтэй хэнээр
@X form lemma=юу
юуны юунд юуг юунаас юутай юугаар
@X form lemma=өөр
өөрийн өөрийг өөрт өөрөөс өөртэй өөрөөр
@X form lemma=бүх
бүхний бүхэнд бүгдийн бүгдэд бүгдийг бүгдээс бүгдтэй
