# TORE-authored (AI-drafted, PENDING_NATIVE_REVIEW). Adjectives and adverbial adjectives.
@ADJ
сайн муу том жижиг бага жижигхэн томхон өндөр намхан урт богино өргөн явцуу зузаан нимгэн хүнд хөнгөн хурдан удаан дулаан хүйтэн халуун сэрүүн хатуу зөөлөн хуурай нойтон цэвэр бохир шинэ хуучин залуу настай тод бүдэг гэгээтэй харанхуй хар цагаан улаан шар ногоон цэнхэр хөх бор саарал ягаан алтан мөнгөн
сайхан гоё үзэсгэлэнтэй хөөрхөн муухай аятайхан сонирхолтой уйтгартай хэцүү амархан хялбар төвөгтэй энгийн нарийн ээдрээтэй тодорхой ойлгомжтой бүдүүлэг боломжтой боломжгүй шаардлагатай чухал ач холбогдолтой хэрэгтэй хэрэггүй ашигтай хор хөнөөлтэй аюултай аюулгүй найдвартай эрсдэлтэй
үнэн хуурамч зөв буруу шударга шударга бус бодит жинхэнэ тэнэг ухаалаг мэргэн сэргэлэн залхуу ажилсаг шаргуу хариуцлагатай хариуцлагагүй нөхөрсөг найрсаг эелдэг харгис дайсагнасан тайван тогтвортой тогтворгүй хөдөлгөөнтэй
ихэнх олон цөөн хэд хэдэн зарим бусад бүхэл ихэссэн бага зэрэг дундаж дунд дээд доод урд хойд зүүн баруун умард өмнөд төв дотоод гадаад гадны дотны ойр хол ойролцоо
анхны сүүлийн эцсийн дараагийн өмнөх урьдын одоогийн ирээдүйн өнөөгийн нэгдсэн нийтийн хувийн төрийн албан ёсны албан бус албан тасралтгүй тогтмол байнгын түр зуурын жилийн сарын
эрүүл өвчтэй туранхай бүдүүн тарган нялцгай зөөлөн хурц мохоо хурц гүн гүехэн өргөн уудам нарийн нягт сийрэг
уян хатан хүчтэй сул хүчирхэг сул дорой чадвартай чадваргүй туршлагатай мэргэшсэн мэргэжлийн ур чадвартай боловсон боловсролтой
баян ядуу хөрөнгөтэй хомс элбэг дэлгэрэнгүй товч товчхон тусгай ерөнхий тодорхой тодорхойгүй
эх орны үндэсний олон улсын орон нутгийн улсын хотын хөдөөгийн нийгмийн эдийн засгийн улс төрийн хууль зүйн соёлын шинжлэх ухааны техникийн технологийн
