# TORE-authored (AI-drafted, PENDING_NATIVE_REVIEW), Phase 3 batch A: valid words that BOTH the corpus and the second-opinion dictionary were missing
# (found in the TRUE_UNKNOWN / COMPOUND taxonomy buckets). PROVISIONAL tier. Base forms only.
@PART no-infl
үнэхээр дандаа хэтэрхий нилээд хичнээн мөртлөө голдуу басхүү чухамдаа даруйдаа одоохондоо түрүүн ойрхон хоёрхон гуравхан хэдхэн огтхон хямдхан залуухан ховорхон хүндхэн өмнөхөн зэрэгцэн
@N
танхим үзэгдэл гайхамшиг талархал дэргэд ресурс гитар хулгайч дуулаач балетчин хөөрхий хэрүүл тусгал илүүдэл байршил цэнгэлдэх автомашин буруутан улаанбуудай
@N loan
модерн топ
@ADJ
саруул галзуу шинэхэн тулгуур замбараагүй уянгалаг хосолсон
@V
тулгарах хуралдах багтах унах үзэгдэх хувирах хийлгэх шингэх хэтрэх
