# TORE-authored (AI-drafted, PENDING_NATIVE_REVIEW). Adverbs, postpositions, discourse particles and attributive numerals.
@PART no-infl
гаруй орчим шахам хэтэрсэн хүрэхгүй дөхөм яг тун бараг арай нэлээд хэдийн хэдийнэ аль хэдийн удалгүй удахгүй түр түргэн хурдан удаан аажим аажмаар ихэвчлэн заримдаа ховор байнга тогтмол үргэлж хэзээ ч огт ерөөсөө заавал зайлшгүй албан ёсоор
уг энэхүү тэрхүү дээрх доорх  өмнөх дараах дараагийн урьдын одоогийн дээд доод нийт бүхэл ихэнх зарим бусад өөр тус тусдаа хамтдаа тусад нь
дээ даа шүү бэ байз за тэгэхээр иймд тиймээс тэгээд тэгвэл тэгэхлээр тэгээд ч түүнчлэн түүнээс гадна дараа нь үүний дараа үүний зэрэгцээ мөн түүнчлэн нэг талаас нөгөө талаас бас бол харин гэвч гэсэн хэдий ч хэдий ч хэдийгээр хэрэв хэрвээ учир нь
үеэр үед хооронд дундуур дагуу даган тухай тулд учир улмаас хэрэг талаар талаас хувьд дотор дотроо гадна гадаа дор доор дээр дээгүүр өмнө өмнөө хойно хойно нь ард араас наана цаана энд тэнд хаа сайгүй хаа нэгтээ хаа ч
@PART no-infl
таван гурван дөрвөн зургаан долоон найман есөн арван хоёр хоёр
@PART no-infl conf=L
тэрээр тэрбээр
