# TORE-authored (AI-drafted, PENDING_NATIVE_REVIEW). Phase 2 lemma batch E (real-text UNKNOWN taxonomy). Base forms only.
@N
гацаа зүүд арслан хошуу захиа хагалгаа лангуу хормой зарц гүү ихэр харш боол шаналал тэмүүлэл өшөө булш сектор элч хонх найдлага сэтгэмж инээмсэглэл зоог чөтгөр хараал бурхан дөрөө цээж мэлмий ташуур цуу нүгэл арми зүс өнчин үүх түшиг гажуудал бут тэсвэр сургамж нөлөөлөл суурь өвөг эрдэм өрсөлдөөн хүчирхийлэл амьтан амьжиргаа анхаарал тэтгэгч шүүмжлэгч баригч бишрэгч дэмжигч хэрэгжүүлэгч үзэгч сонсогч уншигч нэр хүнд
@N loan
рапс антологи электрон экспо коктейль трактор куб иен коммунизм сектор
@ADJ
битүү дэгжин халуухан чамин эрэлхэг тааламжтай бүрхэг дулаахан гоц санамсаргүй уйгагүй хөндлөн холимог сургамжит хучилттай үнэмлэхүй хоцрогдсон чихрийн
@V
давтах эргүүлэх сэдэвлэх боловсруулах оролдох нуух нуугдах өмсөх хөрвөх давамгайлах хурах тохируулах залруулах зайлсхийх батлуулах савлах хөглөх судлах гардуулах өргөжих төлөөлөх болих үхэх шатах дэлгэх унах унагах хашиж мандах ахлах тулгуурлах сурталчлах хонох тунах дайрах уялдуулах нунтаглах барагдуулах хувьчлах захиалах цуглах ирүүлэх тоох зүүх хуран хоол идэх уух
@PART no-infl
цаашилбал гэхчлэн ингэх ямар нэгэн
