# TORE-authored (AI-drafted, PENDING_NATIVE_REVIEW). Phase 2 lemma batch C (real-text UNKNOWN taxonomy). Base forms only.
@N
айл ивээл хүндрэл ар эргэлт баримт сор цаас элс туульс хүлэмж өлгий шим тэмцэл сүр дөл үйлс зөн таашаал гавьяа итгэлцэл хардлага үүр эрэг харц нүүдэл олголт олборлогч дайчин агшин ахиц марал дур зэвсэг дуулиан касс эцэс тэг яармаг тогтнол тавилан тэвчээр магнай эрин дагина дарс удам салон жигүүр ааш жагсаал дайсан гүрэн хөвгүүн вагон ухаарал хурим зүрх туслалцаа цацраг хувьсал эмх хийл дутагдал сүрэг ферм дадлага тамир шахалт босголт сэлбэг магтаал амлалт үнс арьс ядуурал бах газ нот араншин эмгэнэл ганцаардал жим диваажин цуглуулга олз мэр амьсгал бөмбөр бийр таталбар төгөл туг хээ цэнгэл хазаар шалтаг эрмэлзэл идэвх хээл тэнхим авгай бухимдал гарал зүтгүүр хоршоо үржил гай ээлж завсарлага сонор болгоомжлол орчуулга зүтгэл итгэл дамжлага хөгжил буцалт нууц ёс жаргал ширээ
@N loan
коллеж классик романтик романс коммунист социалист популизм консорциум арбитр брокер дилер маск номер эстрад
@ADJ
боломгүй хачирхалтай аймшигтай нухацтай ойлгомжгүй нэгдмэл сонгомол өрөөсгөл цоглог хүртээмжтэй сайшаалтай догшин олигтой чинээлэг гарамгай зэрлэг эрхэмсэг нүцгэн сүйт алаг харамгүй жигд чанд сохор жам босоо гоёмсог үрэлгэн мэдэгдэхүйц актив дижитал тэнцүү нарийвчилсан ихэмсэг ядуу баян зөөлөн хатуу
@V
хүрэлцэх санаачлах татах урих орших шүтэх тохиолдох зүтгэх бэлэглэх төвлөрөх төвлөрүүлэх ялгарах нээх үйлчлэх эдлэх муудах нийцэх агуулах амлах тэтгэх тэсэх дамнах сулрах эгшиглүүлэх өнгөрүүлэх угтах амрах хөгжих эргэлдэх нугарах ойлгох харьцуулах хөвөх тодотгох үгүйсгэх ногдуулах тоглох нэмэгдэх амилах тэсрэх өрнөх өрнүүлэх хуримтлуулах дүүргэх хоцрох таалагдах зочлох хумих цацах тайлах таслах арилгах шийдэх бишрэх ажиглах дурсах хөөцөлдөх тэмүүлэх догдлох догдлуулах дампуурах хайлуулах тохиролцох буулгах хамрах шалтгаалах айлчлах нэхэх сэргээх гүйцэтгэх даах хажуулах хэрэглэх сонгох сорих тэвчих хадгалах хамгаалах хөрвүүлэх шахах гайхуулах
@PART no-infl
арай мөнөөх өнөөх цөм хамгаас дахиж нээрээ мань магад бүүр ахин тэгтлээ зориуд иймэрхүү тэртээх баахан гэгч гээч вий олуулаа ямархуу
@N loan
фунт
