# TORE-authored (AI-drafted, PENDING_NATIVE_REVIEW). Loanwords. Flag «loan»: suffix vowels in loanwords are not agreed
# on (клуб → клубаас / клубээс), so both genders are accepted and a harmony «error» is never claimed.
# First section: widely used, spelling stable. Second section (conf=L): spelling varies between sources — accepted as VALID but never offered
# as a repair and never used to ground an accusation.
@N loan
клуб банк театр стадион музей ресторан автобус такси радио видео аудио инженер архитектор менежер директор профессор доктор институт семинар билет паспорт бизнес маркетинг менежмент сервер сайт кино компьютер интернет телефон спорт парк кофе шоколад пицца салат завод офис кабинет архив протокол стандарт график проект алгоритм сигнал файл принтер монитор процессор тест лекц лиценз сертификат
@N loan conf=L
компани мотоцикл камер факультет университет станц фабрик цех склад акт норм таблиц программ система сеть модем сканер папк кредит депозит дебит ваучер чек бонус тариф квот лимит процент прогресс прогноз
теннис футбол баскетбол волейбол бокс самбо дзюдо гольф хоккей спортзал фитнес марафон олимп олимпиад
музик мелоди гитар пиано скрипк концерт опер ария симфони оркестр хор джаз рок поп репп
фото клип реклам шоу сериал фильм мультфильм драм комеди трагеди
генерал майор капитан сержант лейтенант колледж лицей гимнази академи лаборатори практик теори философи математик физик хими биологи геологи география психологи социологи экологи политик демократи республик федераци конфедераци конституци парламент президент канцлер премьер сенат
клубын жазз басс босс гала моно соло муза брэнд бренд жанр ротор фэн фэнүүд миссис мисс этно
