# TORE-authored (AI-drafted, PENDING_NATIVE_REVIEW). Phase 2 lemma batch F (real-text UNKNOWN taxonomy). Base forms only.
@N
амь гоцлол хойч өвөр хур хүрэл дэл хүлэг мөс зарцуулалт хөмрөг цавуулаг завшаан омог даралт зааг ташилт өргөмжлөл бал ноолуур чанад хүч юмс дасгал аяз туулай хөөс чөдөр арал буулт суварга тэнхлэг тохиролцоо хүртээмж хальс ноднин сугалаа шоо титэм бясалгал шунал зангилаа квадрат үзүүр эзэгтэй төгсөгч долгион бөмбөрцөг гөрөө хов хүмүүжил уураг жолоо навс сийлбэр болзол сүйрэл гадас бэх хирс угсаа горьдлого хахууль навч ханцуй сэдэл угсаатан дэс тангараг харуусал сануулга сад ноён хагацал дусал дуэт нүх халиу хөлөг зотон зөгий шаазан нойр чавхдас түймэр шошго таалал тэнгэр дотуур оёдол өлсгөлөн хутагт тогтоомж горим дээж бөө нэр
@N loan
терминал кадастр статус арматур синдикат абстракт аппарат марш реалист популист модернист альтернатива прагматик
@ADJ
цэцэн шилмэл онгон махан мөсөн дутмаг салшгүй энхрий тохиромжтой ялимгүй чам шулуухан согтуу хуучирсан бүрмөсөн ялдам цайлган хул эзгүй тэн оргилуун намуухан өнгөц багтаамжтай үндсэрхэг соргог шидтэй одой халтар дөт балчир хайран тавиагүй төчнөөн гэнэтхэн жигтэйхэн солиотой тааламжгүй гайхам баршгүй тасархай ядарсан
@V
хүртээх зорьдог онцлох дам тээх бариулах яарах шингээх нутагшуулах сандрах хямрах саатах ярих шийдэгдэх уялдах хөгжих тохиролцох тоглогдох олдох болзох гишгэх түүх дуулагдах тунхаглах дасах давхиж давхих хичээллэх тасрах сунгах жаргах гацах залгах дийлэх үүрэх сурах улиглах мартагдах булаах буцах ятгах ухрах тэвэрэх тогтнох сануулах нууцлах төлөвшүүлэх уралдах ядрах хуга ахих төгсөх өндийх хуримтлагдах чангалах давхцах тогтворжих гэрэлтүүлэх багтаах зүйрлэх нөхөрлөх ятгах эсэргүүцэх хязгаарлах мөрдөх сорих
@PART no-infl
юү саяас ядахдаа тиймэрхүү хавьгүй тийнхүү хэрхэх
@N
орд
