# TORE-authored (AI-drafted, PENDING_NATIVE_REVIEW). Verb infinitives (-х). No stem-class flags are
# asserted here: an unflagged verb leaves ambiguous consonant-cluster forms UNKNOWN (safe).
@V
байх болох хийх өгөх авах ирэх явах очих харах сонсох хэлэх ярих бичих унших сурах заах ойлгох мэдэх мэдрэх бодох санах мартах хүсэх хайх олох алдах хадгалах хүлээх зогсох суух босох унтах сэрэх идэх уух хонох амрах ажиллах тоглох бүжиглэх дуулах зурах үзэх харуулах үзүүлэх өгөх авчрах аваачих тавих байрлуулах хүргэх илгээх хүлээн авах хүлээж авах
хэрэглэх ашиглах хэрэгжүүлэх хэрэгтэй болгох зохион байгуулах төлөвлөх хэлэлцэх тогтоох батлах баталгаажуулах дэмжих хамгаалах хариуцах гүйцэтгэх биелүүлэх зөрчих сахих мөрдөх дагах дагаж мөрдөх хориглох зөвшөөрөх татгалзах няцаах эсэргүүцэх маргах маргаж тэмцэх ялах ялагдах
эхлэх дуусах үргэлжлэх зогсоох эхлүүлэх дуусгах үргэлжлүүлэх өөрчлөх шинэчлэх сайжруулах хөгжүүлэх бий болгох бүтээх үүсгэх нэмэх хасах тоолох хуваах нэгтгэх харьцуулах хэмжих тооцох тооцоолох дүгнэх үнэлэх шинжлэх судлах судалгаа хийх шалгах шалгуулах нягтлах тулгах баталгаа
хөдөлгөх хөдлөх орох гарах буух өгсөх уруудах давах гатлах хүрэх хүрч ирэх дөхөх холдох ойртох эргэх эргүүлэх буцах буцаах дахин хийх давтах
ойлгуулах зааж өгөх сургах сургуулилах суралцах мэдүүлэх мэдээлэх сэрэмжлүүлэх анхааруулах сануулах тайлбарлах тодруулах тодорхойлох нотлох нотолж үзэх батлан хэлэх
харилцах уулзах танилцуулах танилцах золгох мэндлэх баярлах уйлах инээх гомдох гомдоллох талархах уучлах уурлах айх санаа зовох найдах итгэх сэжиглэх тайвшрах
хөөх барих барьж атгах шидэх хаях цуглуулах цуглах цугларах хуримтлуулах тарах тараах тарьж ургах ургуулах тариалах хураах тэжээх өсгөх өсөх өндөрлөх буурах нэмэгдэх багасах
идэвхжүүлэх идэвхжих холбох холбогдох салгах тусгаарлах ялгах ангилах эрэмбэлэх эмхлэх цэгцлэх цэвэрлэх угаах арчих хатаах бэлтгэх бэлэн болох бэлдэх чимэх засах засварлах шинэчлэн засах барих барилгажуулах
худалдах худалдан авах зарах үнэлэх төлөх төлбөр төлөх зээлэх зээлдүүлэх өгөөмөр хандивлах хөрөнгө оруулах хуримтлуулах хэмнэх зарцуулах хөлслөх түрээслэх
хаах нээх нээгдэх хаагдах хаалгах хаалттай оруулах гаргах гаргаж оруулах хөтлөх удирдах захирах зохицуулах хянах хяналт тавих
тэмдэглэх бүртгэх бүртгүүлэх оруулах хадгалуулах хуулах хуулбарлах зөөх зөөвөрлөх шилжих шилжүүлэх тээвэрлэх хүргүүлэх илгээгдэх
бодит болох бодитой болгох мөрөөдөх зорих зорилго тавих оролдох хичээх чармайх шаардах шаардлага тавих сонгох сонгогдох санал өгөх ялгах нэр дэвшүүлэх
унах цохих хөөргөх гэмтэх гэмтээх устгах устах сүйтгэх эвдэх эвдрэх бохирдох бохирдуулах хамгаалуулах аврах аврагдах
угтах хүлээж авах үдэх гэрлэх салах төрөх төрүүлэх өсч бойжих нас барах насанд хүрэх
зураглах дүрслэх тодруулах харагдах сонсогдох сонсгох анзаарах олж харах ажиглах чагнах
өвдөх эмчлэх эмчлүүлэх эдгэрэх сэргийлэх хордох хэвтэх амьсгалах уушгилах
хэлэлцүүлэх зөвлөх зөвлөлдөх зөвшилцөх тохиролцох тохиролцож гэрээ байгуулах гэрээлэх баталгаа гаргах хүлээлгэн өгөх хүлээлгэх хүлээх үүрэг
шийдэх шийдвэрлэх
