# TORE-authored (rule-generated from the Mongolian numeral system; AI-drafted, PENDING_NATIVE_REVIEW). Ordinals 1-99 incl. the glued
# compounds news text writes as one token (арваннэгдүгээр), and the adverbial «-т» (хоёрдугаарт). Generated by rule, not copied from a corpus.
@X form
анхдугаар анхдугаарт аравдугаар аравдугаарт арвангуравдугаар арвангуравдугаарт арвандолоодугаар арвандолоодугаарт арвандөрөвдүгээр арвандөрөвдүгээрт арванесдүгээр арванесдүгээрт
арванзургаадугаар арванзургаадугаарт арваннаймдугаар арваннаймдугаарт арваннэгдүгээр арваннэгдүгээрт арвантавдугаар арвантавдугаарт арванхоёрдугаар арванхоёрдугаарт гуравдугаар гуравдугаарт
гучдугаар гучдугаарт гучингуравдугаар гучингуравдугаарт гучиндолоодугаар гучиндолоодугаарт гучиндөрөвдүгээр гучиндөрөвдүгээрт гучинесдүгээр гучинесдүгээрт гучинзургаадугаар гучинзургаадугаарт
гучиннаймдугаар гучиннаймдугаарт гучиннэгдүгээр гучиннэгдүгээрт гучинтавдугаар гучинтавдугаарт гучинхоёрдугаар гучинхоёрдугаарт далангуравдугаар далангуравдугаарт даландолоодугаар даландолоодугаарт
даландөрөвдүгээр даландөрөвдүгээрт даланесдүгээр даланесдүгээрт даланзургаадугаар даланзургаадугаарт даланнаймдугаар даланнаймдугаарт даланнэгдүгээр даланнэгдүгээрт далантавдугаар далантавдугаарт
даланхоёрдугаар даланхоёрдугаарт далдугаар далдугаарт долоодугаар долоодугаарт дөрөвдүгээр дөрөвдүгээрт дөчдүгээр дөчдүгээрт дөчингуравдугаар дөчингуравдугаарт
дөчиндолоодугаар дөчиндолоодугаарт дөчиндөрөвдүгээр дөчиндөрөвдүгээрт дөчинесдүгээр дөчинесдүгээрт дөчинзургаадугаар дөчинзургаадугаарт дөчиннаймдугаар дөчиннаймдугаарт дөчиннэгдүгээр дөчиннэгдүгээрт
дөчинтавдугаар дөчинтавдугаарт дөчинхоёрдугаар дөчинхоёрдугаарт есдүгээр есдүгээрт жарангуравдугаар жарангуравдугаарт жарандолоодугаар жарандолоодугаарт жарандөрөвдүгээр жарандөрөвдүгээрт
жаранесдүгээр жаранесдүгээрт жаранзургаадугаар жаранзургаадугаарт жараннаймдугаар жараннаймдугаарт жараннэгдүгээр жараннэгдүгээрт жарантавдугаар жарантавдугаарт жаранхоёрдугаар жаранхоёрдугаарт
жардугаар жардугаарт зургаадугаар зургаадугаарт зуугаар зуугаарт мянгадугаар мянгадугаарт наймдугаар наймдугаарт наядугаар наядугаарт
наянгуравдугаар наянгуравдугаарт наяндолоодугаар наяндолоодугаарт наяндөрөвдүгээр наяндөрөвдүгээрт наянесдүгээр наянесдүгээрт наянзургаадугаар наянзургаадугаарт наяннаймдугаар наяннаймдугаарт
наяннэгдүгээр наяннэгдүгээрт наянтавдугаар наянтавдугаарт наянхоёрдугаар наянхоёрдугаарт нэгдүгээр нэгдүгээрт тавдугаар тавдугаарт тавингуравдугаар тавингуравдугаарт
тавиндолоодугаар тавиндолоодугаарт тавиндөрөвдүгээр тавиндөрөвдүгээрт тавинесдүгээр тавинесдүгээрт тавинзургаадугаар тавинзургаадугаарт тавиннаймдугаар тавиннаймдугаарт тавиннэгдүгээр тавиннэгдүгээрт
тавинтавдугаар тавинтавдугаарт тавинхоёрдугаар тавинхоёрдугаарт тавьдугаар тавьдугаарт хорингуравдугаар хорингуравдугаарт хориндолоодугаар хориндолоодугаарт хориндөрөвдүгээр хориндөрөвдүгээрт
хоринесдүгээр хоринесдүгээрт хоринзургаадугаар хоринзургаадугаарт хориннаймдугаар хориннаймдугаарт хориннэгдүгээр хориннэгдүгээрт хоринтавдугаар хоринтавдугаарт хоринхоёрдугаар хоринхоёрдугаарт
хорьдугаар хорьдугаарт хоёрдугаар хоёрдугаарт
