# TORE-authored (AI-drafted, PENDING_NATIVE_REVIEW). GOVERNMENT domain: state bodies, administration, public service.
@N
засгийн газар засаг дарга засаг захиргаа засаг захиргааны нэгж аймгийн засаг дарга сумын засаг дарга нийслэл хотын дарга хотын захирагч
яам яамны сайд сайд дэд сайд төрийн нарийн бичгийн дарга агентлаг газар хэлтэс алба төрийн албан хаагч төрийн алба албан хаагч албан тушаалтан төрийн захиргааны байгууллага төрийн байгууллага орон нутгийн өөрөө удирдлага хурал хурлын гишүүн хурлын дарга иргэдийн төлөөлөгчдийн хурал
парламент улсын их хурал их хурал гишүүн дарга дэд дарга тогтоол хууль санаачлах хуулийн төсөл төсвийн төсөл улсын төсөв орон нутгийн төсөв төсвийн гүйцэтгэл төсвийн тухай хууль санхүүгийн жил төсвийн жил хөрөнгө оруулалт төрийн өмч төрийн өмчит компани
ерөнхийлөгч ерөнхий сайд ерөнхий сайдын зөвлөх ерөнхийлөгчийн тамгын газар засгийн газрын тамгын газар тамгын газар албан хэрэг албан бичиг албан захидал албан тоот албан даалгавар албан үүрэг албан томилолт албан ёсны зарлал
төрийн үйлчилгээ иргэний бүртгэл иргэний үнэмлэх иргэний харьяалал нэг цонхны үйлчилгээ цахим үйлчилгээ цахим засаглал нээлттэй байдал ил тод байдал ил тод шударга хариуцлага тайлагналт хяналт шинжилгээ үнэлгээ
бодлого стратеги хөтөлбөр төлөвлөгөө үйл ажиллагааны төлөвлөгөө хэрэгжилт биелэлт гүйцэтгэл үр дүн үр өгөөж үр нөлөө тайлан мэдээ мэдээлэл тооцоо судалгаа судалгааны ажил зөвлөмж санал санал хүсэлт өргөдөл гомдол хүсэлт
сонгууль сонгогч сонгуулийн хороо нэр дэвшигч нэр дэвшүүлэх санал хураалт санал өгөх сонгуулийн хууль нам эвсэл төрийн бодлого гадаад харилцаа элчин сайд элчин сайдын яам консул консулын газар хил хилийн цэрэг батлан хамгаалах зэвсэгт хүчин цэрэг иргэний хамгаалалт онцгой байдал
нийгмийн даатгал нийгмийн халамж тэтгэвэр тэтгэмж эрүүл мэндийн даатгал даатгалын шимтгэл татвар татвар төлөгч татварын алба гаалийн алба мэдүүлэг мэдүүлэх зөвшөөрөл лиценз тусгай зөвшөөрөл гэрчилгээ эрх олгох
@V
захирах удирдах хянах зохицуулах хэрэгжүүлэх хэрэгжих биелүүлэх биелэх батлах батлагдах хэлэлцэх хэлэлцүүлэх тайлагнах мэдээлэх мэдээлүүлэх зарлах нийтлэх хүлээн авах хүлээлгэн өгөх хүсэлт гаргах өргөдөл гаргах шийдвэрлүүлэх томилох чөлөөлөх огцрох томилогдох сонгогдох сонгох дэвшүүлэх үнэлэх үнэлгээ өгөх
