# TORE-authored (AI-drafted, PENDING_NATIVE_REVIEW), Phase 3 government / administration pack. PROVISIONAL tier. Lemma forms only.
@N
засаг дарга засаглал засаг захиргаа захиргаа аймаг сум баг хороо дүүрэг нийслэл орон нутаг улс улсын төр төрийн яам агентлаг газар алба хэлтэс
сайд сайдын ерөнхий сайд дэд сайд нарийн бичгийн дарга төрийн нарийн бичгийн дарга захирагч төлөөлөгч гишүүн ерөнхийлөгч парламент хурал их хурал
тогтоол шийдвэр захирамж тушаал журам заавар дүрэм хөтөлбөр төлөвлөгөө стратеги бодлого зорилт зорилго тайлан мэдээлэл статистик судалгаа үнэлгээ
төсөв төсвийн орлого зарлага хөрөнгө санхүүжилт татвар татварын хураамж хөнгөлөлт татаас санхүү санхүүгийн сан хөгжлийн сан
үйлчилгээ иргэн иргэдийн хүсэлт өргөдөл гомдол санал санаачлага оролцоо ил тод ил тод байдал хариуцлага хяналт аудит шалгалт
сонгууль сонгогч нэр дэвшигч санал хураалт санал өгөх сонгуулийн комисс төлөөлөл иргэдийн төлөөлөгчдийн хурал
боловсрол эрүүл мэнд нийгмийн хамгаалал халамж тэтгэвэр тэтгэмж хөдөлмөр хөдөлмөрийн зах зээл ажилгүйдэл ядуурал
дэд бүтэц зам тээвэр барилга хот байгуулалт орон сууц эрчим хүч цахилгаан дулаан ус хангамж хог хаягдал байгаль орчин
хилийн гаалийн мэргэжлийн хяналт аюулгүй байдал батлан цагдаа цагдаагийн онцгой байдал
албан тушаал албан тушаалтан албан хаагч төрийн албан хаагч төрийн алба цалин хөлс шагнал урамшуулал сахилга
албан бичиг албан захидал албан тоот мэдэгдэл хавсралт хүсэлт дарга захирал орлогч
@V
хэрэгжүүлэх хэрэгжих төлөвлөх батлах зохицуулах хянах үнэлэх мэдээлэх танилцуулах хэлэлцэх шийдвэрлэх санхүүжүүлэх хуваарилах хуваарилагдах бүртгэх
@ADJ
төрийн орон нутгийн улсын нийслэлийн албан ёсны иргэний нийтийн нийгмийн эдийн засгийн санхүүгийн
@V
хамгаалах
