# TORE-authored (AI-drafted, PENDING_NATIVE_REVIEW), Phase 3 legal / courts / contracts pack. Lemma forms only; PROVISIONAL tier.
# No dictionary or proprietary legal database was copied; terms are common official Mongolian legal vocabulary written from general knowledge.
@N
шүүгч шүүх прокурор өмгөөлөгч мөрдөгч байцаагч яллагдагч сэжигтэн хохирогч гэрч нэхэмжлэгч хариуцагч гуравдагч оролцогч төлөөлөгч итгэмжлэгч эрх үүрэг хариуцлага
хэрэг хэргийн маргаан гомдол нэхэмжлэл тогтоол шийдвэр магадлал тогтоомж дүгнэлт мэдүүлэг нотолгоо баримт шинжээч шинжилгээ хяналт давж хяналтын
гэрээ хэлцэл үүрэг биелэлт зөрчил хохирол нөхөн төлбөр торгууль анз алдангийн хугацаа хөөн хөөн хурал хуралдаан хэлэлцүүлэг
хууль заалт зүйл анги бүлэг хэсэг тайлбар журам дүрэм дүрмийн заавар акт хавсралт нэмэлт өөрчлөлт хүчингүй хүчин төгөлдөр
өмч өмчлөл эзэмшил ашиглалт газар эрх барьцаа давхар барьцаа ипотек иргэний эрүүгийн захиргааны
эрүүгийн хэрэг хүлээн авах хаалттай нээлттэй хурал мөрдөн байцаалт мөрдөн шалгалт прокурорын хяналт дүгнэлт шүүхийн шийдвэр
гэм буруу гэм зэмгүй ял шийтгэл албадан албадлага хураамж
гэрчлэл нотариат нотариатч гэрчилгээ лиценз зөвшөөрөл тусгай зөвшөөрөл бүртгэл улсын бүртгэл хуулийн этгээд хувь хүн
итгэмжлэл хүсэлт хүсэлтийн өргөдөл гомдлын санал хариу мэдэгдэл сануулга шаардлага
@V
нэхэмжлэх шийдвэрлэх хэлэлцэх хүлээлгэх хариуцах эдлэх биелүүлэх зөрчих хүчингүйдэх хүчингүй болгох батлах баталгаажуулах гэрчлэх нотлох үгүйсгэх яллах цагаатгах
шүүх ялах хорих торгох хураах албадах давж заалдах хянах шалгах мөрдөх байцаах мэдүүлэх мэдэгдэх сануулах шаардах хориглох зөвшөөрөх хязгаарлах
@ADJ
хууль ёсны хууль бус хүчин төгөлдөр хүчингүй албадан тусгай үндэслэлтэй үндэслэлгүй нууц нээлттэй хаалттай эрүүгийн иргэний захиргааны
@V
нотлох заалдах хэлэлцэх шийдвэрлэх эзэмших ашиглах барьцаалах яллах хорих торгох хураах хураалгах хэлтрүүлэх чөлөөлөх гэрчлэх төлөөлөх итгэмжлэх шаардах
