# TORE-authored (AI-drafted, PENDING_NATIVE_REVIEW). LEGAL domain: court, prosecution, criminal/civil/administrative law.
@N
хууль хуулийн эрх зүй эрх зүйн журам дүрэм тогтоол шийдвэр шүүх шүүгч шүүхийн тогтоол магадлал тогтоолт тогтоолын захирамж захирамж тушаал заавар зөвлөмж гэрээ хэлэлцээр конвенц протокол
зүйл заалт хэсэг бүлэг гишүүн дэд заалт тайлбар нэмэлт өөрчлөлт хүчингүй хүчин төгөлдөр хүчин чадал хэрэгжилт мөрдөлт
хэрэг хэргийн материал нотлох баримт нотолгоо мэдүүлэг гэрч гэрчийн шинжээч дүгнэлт шинжилгээ экспертиз үзлэг нэгжлэг хураалт саатуулалт баривчлалт цагдан хоригдол хорих ял ялтан торгууль албадан арга хэмжээ эрүүгийн иргэний захиргааны хэрэг маргаан зөрчил гэмт хэрэг гэм буруу гэмт этгээд сэжигтэн яллагдагч шүүгдэгч хохирогч нэхэмжлэгч хариуцагч өмгөөлөгч прокурор прокурорын
нэхэмжлэл нэхэмжлэх шаардлага гомдол гомдлын гомдол гаргагч давж заалдах шүүх давж заалдах шатны хяналтын шатны анхан шатны эрх мэдэл харьяалал харьяалах хугацаа хөөн хэлэлцэх хугацаа шүүх хуралдаан хуралдаан нээлттэй хаалттай оролцогч талууд тал хэлэлцүүлэг тогтоол гаргах эцсийн шийдвэр биелэлт албадан гүйцэтгэл гүйцэтгэх гүйцэтгэгч гүйцэтгэх хуудас
мөрдөн байцаах мөрдөгч мөрдөн шалгах байцаагч байцаалт эрэн сурвалжлах цагдаа цагдаагийн газар шүүхийн шийдвэр гүйцэтгэх ерөнхий газар прокурорын байгууллага хууль зүй хууль сахиулах хууль хяналт хяналт шалгалт эрх хүлээсэн албан тушаалтан
эд хөрөнгө өмч өмчлөл өмчлөгч эзэмшил эзэмшигч ашиглалт захиран зарцуулах барьцаа барьцаалах өв залгамж өвлөгч гэрээслэл гэрээслэгч албан ёсны гэрчилгээ бүртгэл бүртгүүлэх бүртгэлийн улсын бүртгэл нотариат нотариатч эрх шилжилт шилжүүлэх гэрээ байгуулах гэрээг цуцлах цуцлал нөхөн төлбөр хохирлын нөхөн төлбөр гэм хор хариуцлага хариуцлага хүлээх хариуцлага тооцох
захиргааны акт захиргааны байгууллага захиргааны хэрэг шүүх иргэний эрх иргэний хууль эрүүгийн хууль эрүүгийн хэрэг хянан шийдвэрлэх тухай хууль зөрчлийн хууль ерөнхий хууль үндсэн хууль үндсэн эрх үндсэн хуулийн цэц цэц
шүүгдэгчийн эрх хохирогчийн эрх хэргийн оролцогч хуулийн этгээд хуулийн төлөөлөгч итгэмжлэл итгэмжлэгдсэн төлөөлөгч эрх бүхий эрх бүхий албан тушаалтан эрх зүйн харилцаа эрх зүйн хэм хэмжээ эрх зүйн акт нормативын акт нормативын тогтоол дүрмийн төсөл хуулийн төсөл төсөл санаачлагч
@V
шийдвэрлэх хянан шийдвэрлэх нэхэмжлэх яллах цагаатгах хохироох гэм буруутгах мөрдөх мөрдөн шалгах байцаах хорих баривчлах саатуулах хураах нэгжих албадах торгох шийтгэх уучлах хөөн хэлэлцэх хэрэгсэхгүй болгох хэрэгсэхгүй болгох хүчингүй болгох хүчингүйд тооцох тогтоох тогтоогдох хүлээн зөвшөөрөх хүлээн зөвшөөрөгдөх нотлох бүртгэх бүртгүүлэх гэрчлэх батлагдах баталгаажих эрх олгох эрх хасах эрх хязгаарлах хязгаарлах хориглох зөвшөөрөл олгох зөвшөөрөл авах
