# TORE-authored (AI-drafted, PENDING_NATIVE_REVIEW). TECH domain (modern Mongolian IT vocabulary; Cyrillic spellings as commonly written).
@N
компьютер зөөврийн компьютер гар хулгана дэлгэц принтер сервер сүлжээ интернет вэб цахим цахим шуудан имэйл хангамж хангамж хөтөч хөтөлбөр хөгжүүлэгч код кодчилол алгоритм өгөгдөл мэдээллийн сан өгөгдлийн сан файл хавтас баримт бичиг баримт зураг дүрс бичлэг аудио видео
платформ систем хэрэглэгч хэрэглэгчийн интерфейс хэрэглэгчийн нэр нууц үг нэвтрэх эрх нэвтрэх бүртгэл бүртгэл үүсгэх тохиргоо тохируулга сонголт цэс товч товчлуур холбоос линк хуудас вэб хуудас вэб сайт сайт сервис үйлчилгээ 
аюулгүй байдал мэдээллийн аюулгүй байдал нууцлал шифрлэлт нууцлал хамгаалалт халдлага вирус хортой хуурамч мэйл нууц код баталгаажуулалт хоёр шатны баталгаажуулалт хандалт хандах эрх нөөц хуулбар нөөцлөлт сэргээлт
хиймэл оюун ухаан машин сургалт мэдрэлийн сүлжээ загвар сургалтын өгөгдөл таамаглал танилт хэл боловсруулалт яриа танилт дүрс танилт автоматжуулалт роботжилт кодчилсон
 гар утас ухаалаг утас цаг ухаалаг цаг камер микрофон чанга яригч чихэвч цэнэглэгч батарей зай цэнэг дамжуулагч холболт утасгүй холболт 
цахим худалдаа цахим төлбөр цахим гарын үсэг цахим баримт цахим хэлбэр цахим мэдээлэл хэрэглэгчийн туршлага вэб дизайн график дизайн хэл мэдээллийн технологи мэдээллийн технологийн
@V
татах татаж авах байршуулах хуулах буулгах хадгалах хадгалагдах нэвтрэх гарах бүртгүүлэх бүртгэх тохируулах шинэчлэх шинэчлэгдэх суулгах устгах сэргээх нөөцлөх шифрлэх задлах шахах нээх хаах илгээх хүлээн авах холбогдох холбох салгах шалгах баталгаажуулах кодлох хөгжүүлэх турших дүн шинжилгээ хийх
@N
программ программист программчлал программын программчлалын сканер интерфейс халдлага
@N conf=L
апп аппликейшн блютүүт вайфай мобайл планшет домэйн хост хостинг профайл
