# Surface forms attested in TORE-authored Mongolian text (UI copy, messages, curriculum).
# word<TAB>freq<TAB>files. Evidence-gated, form-only (no paradigm). Generated by
# scripts/spell-extract-corpus-forms.ts — review before extending; not linguistic truth.
аар	4	3
аас	2	2
автомат	3	2
автоматаар	22	13
агуулга	9	5
агуулгаар	3	1
агуулгыг	9	4
агуулгын	4	2
агуулж	2	2
админ	13	6
ажиллуулах	3	2
акт	67	13
актад	3	3
актыг	5	3
актын	10	3
албадна	3	3
алга	33	22
алгасах	3	2
алдаа	78	38
алдааг	7	2
алдааны	7	3
алдагдсан	3	1
алдсан	2	2
алхам	38	6
алхмыг	3	2
аль	24	7
амжилтгүй	11	9
амжилттай	5	4
анхаарах	2	2
анхдагч	3	2
апп	4	2
аргачлал	24	10
аргачлалаар	4	4
аргачлалд	3	3
аргачлалыг	3	3
аргумент	2	2
асрамж	2	2
ачаалал	2	2
ачаалж	4	3
ачаална	2	2
ашгийг	2	2
ашиг	5	3
ашигла	9	3
ашиглагдана	2	2
ашиглаж	4	3
ашиглана	4	4
ашиглах	7	5
ашиглахгүй	2	2
ашиглахын	5	3
аюулгүй	5	4
баг	4	1
байгуулагч	4	2
байгуулах	4	2
байсныг	3	3
байцаалт	4	2
бараа	4	3
барааны	2	2
баримтална	3	2
баримтгүйгээр	3	2
барих	4	2
барсны	2	2
баруун	2	2
баталгаагүй	3	2
баталгаажаагүй	12	6
баталгаажлаа	4	3
баталгаажсан	43	10
баталгаажуулаагүй	3	2
баталгаажуулалтыг	3	2
баталгаажуулалтын	5	2
баталгаажуулах	31	4
баталгаажуулж	6	3
баталгаажуулна	5	2
баталгаажуулсны	3	3
баталгаатай	36	13
батлагдсан	7	2
бие	2	2
биелүүлэхгүй	3	2
биелэгдсэнгүй	4	2
бий	5	3
бичвэр	2	2
бичгэн	2	2
бичлэг	3	2
биш	76	20
богино	3	2
богинохон	3	1
бодит	21	7
бодитоор	3	2
болгож	2	2
болгоно	3	3
болгосон	5	4
болгох	16	7
болзошгүй	7	6
боловсруул	3	2
боловсруулах	20	8
боловсруулж	5	4
боломж	6	4
боломжгүй	15	11
боломжийн	4	2
боломжит	6	3
боломжтой	28	10
боломжууд	4	3
буй	30	11
бус	63	10
бусад	33	16
бусдын	2	2
буцаагдсан	2	2
буцааж	6	3
буцаан	6	1
буцаах	3	2
бүл	5	5
бүлийн	3	3
бүлэг	3	3
бүр	8	5
бүрдсэн	9	4
бүрдэх	2	2
бүрдээ	7	3
бүрдээгүй	9	3
бүрийг	11	6
бүрийн	4	4
бүрт	4	4
бүртгүүлнэ	3	2
бүртгүүлэх	8	2
бүртгэгдсэн	4	3
бүртгэгдээгүй	9	5
бүртгэж	2	2
бүртгэл	36	6
бүртгэлийг	5	3
бүртгэлийн	7	3
бүртгэлээр	5	5
бүртгэх	2	2
бүрэлдэхүүн	41	8
бүрэлдэхүүнд	5	1
бүрэлдэхүүний	11	1
бүрэлдэхүүнийг	6	1
бүрэлдэхүүнтэй	3	1
бүрэн	27	8
бүрээр	3	2
бүс	3	1
бүтцийг	4	3
бүтцийн	3	2
бүтэц	9	6
бүтэцтэй	15	13
бүтээ	4	2
бүхэл	4	4
бэлтгэ	4	3
бэлтгэл	4	2
бэлтгэх	4	2
бэлэн	6	6
гааль	2	2
гадаад	8	4
гадаадын	8	1
гадагш	2	2
гарга	18	5
гаргаж	3	2
гаргана	6	5
гаргасан	12	6
гаргах	15	8
гаргахгүй	3	3
гаргахыг	2	2
гарч	3	3
гарын	5	3
гол	9	8
гомдлын	3	1
гомдол	8	5
гуравдагч	3	2
гурван	20	6
гүйлгэх	3	2
гүйлгээ	6	4
гүйцэтгэгч	8	2
гүйцэтгэл	3	2
гүйцэтгэсэн	3	1
гэдгийг	6	4
гэдэг	4	3
гэмтэл	3	2
гэрлэлт	4	3
гээд	5	1
даалгаврыг	2	2
даалгах	7	3
давтан	3	3
дагавар	31	10
дагаврыг	8	5
дагуу	2	2
дамжуулан	2	2
дансаар	11	4
дараалал	12	6
дарааллыг	3	2
дараалуулна	3	2
дарж	5	5
дарна	3	3
дахин	72	28
дахь	10	6
дискрец	5	2
доор	4	4
дор	4	3
дотоод	7	6
дотор	6	4
дөрвөн	9	2
дурд	5	3
дурдаж	3	2
дурдсан	2	2
дутуу	37	12
дутууг	5	2
дуусгавар	24	10
дуусгаж	2	2
дуусгана	5	3
дуусгах	2	2
дүгээр	10	8
дүн	28	18
дүнг	17	7
дүнгээс	2	2
дүрмийг	2	2
дэвсгэрийн	7	3
дэд	3	2
дэлгэц	3	3
дэмжинэ	2	2
дэмжих	4	4
дэмжихгүй	2	2
дэх	10	5
дээр	30	17
ерөнхий	16	10
ёсны	48	17
ёсоор	3	2
ёстой	30	21
жагсаалт	5	2
жагсаалтад	6	3
жишиг	2	2
жолооны	2	2
журам	29	8
журмыг	7	4
журмын	7	3
заавал	27	11
заавар	6	4
зааврыг	4	4
заадаг	2	2
завдлага	6	1
загвар	3	3
задал	3	1
задлана	3	3
задрал	2	2
зайлшгүй	4	1
залгамжлал	3	2
зарим	4	4
зарчим	3	2
засварлах	2	2
зах	11	4
захиалах	5	2
захиалгад	4	2
захиалгын	9	3
захирах	3	1
зогсоо	3	1
зорилго	4	3
зорилгоос	3	1
зорилтот	2	2
зориулагдсан	4	2
зориулалттай	4	3
зориулсан	10	3
зохио	16	4
зохиож	7	3
зохиомол	11	7
зохион	5	1
зохионо	4	2
зохистой	8	2
зохицуулалт	13	5
зохицуулалттай	2	2
зохицуулалтыг	2	2
зөвлөгөө	21	7
зөвлөгөөг	7	4
зөвлөгөөний	27	3
зөвлөмж	8	3
зөвлөх	6	3
зөвхөн	97	35
зөвшөөрлийг	2	2
зөвшөөрөгдлөө	3	1
зөвшөөрөгдөх	2	2
зөвшөөрөгдсөн	4	2
зөвшөөрөл	14	7
зөрч	2	2
зөрчигдсөн	2	2
зөрчигдсөнийг	2	2
зөрчих	2	2
зөрчсөн	9	7
зүйлс	2	2
зэрэг	15	10
идэвхгүй	14	5
идэвхжинэ	4	4
идэвхжсэн	2	2
идэвхжүүлнэ	5	3
идэвхжүүлэх	5	3
идэвхтэй	30	7
ижил	4	4
ийг	11	8
ийм	5	3
ийн	15	9
илгээгдлээ	3	1
илгээгдэхгүй	2	2
илрүүлсэн	2	2
илт	5	1
илүү	9	6
илэрсэн	5	5
илэрхий	6	3
имэйл	7	6
индекслэнэ	2	2
интеграц	2	2
итгэмжлэл	17	2
итгэмжлэлийн	6	3
ихдээ	5	2
ихэвчлэн	10	2
ишлэл	6	4
ишлэлийг	3	2
ишлэнэ	3	3
кейс	11	6
код	22	7
кодоор	7	4
кодыг	5	4
кодын	2	2
контекст	3	1
корпус	4	1
лавлагаа	4	3
лавлах	10	3
лавлахаа	3	1
лавлахад	16	2
латин	4	1
лиценз	7	4
лицензийн	5	2
лицензтэй	2	2
лог	5	3
логик	5	3
локал	3	3
массив	2	2
материал	4	3
материаллаг	11	2
машин	7	2
мессеж	5	5
метадата	2	2
мөнгөн	8	3
мөр	3	3
мөрийг	2	2
мэдлэг	6	2
мэдлэгийн	10	4
мэдрэмж	5	1
мэдрэмжээр	3	2
мэдэгдэж	2	2
мэдэгдэл	25	7
мэдэгдэнэ	4	2
мэдэгдэх	11	3
мэйл	31	3
мэйлээ	6	2
мэргэжилтэн	4	1
мэргэжлийн	70	8
мэргэшсэн	5	2
мэт	18	8
найдвартай	2	2
нарийн	3	2
нийтийн	24	4
нийтлээд	2	2
нийтэд	2	2
нийцсэн	3	2
нийцэх	3	3
ноорог	6	5
нотолгоо	4	2
нотолгооны	6	3
нөгөө	2	2
нөгөөгийн	3	1
нөөц	2	2
нөхөж	5	4
нөхөөд	3	3
нөхөхгүй	15	3
нуух	2	2
нүүр	17	6
нэвтэрч	3	3
нэгдсэн	9	4
нэгтгэж	7	2
нэгтгэх	2	2
нэмэгдэнэ	4	2
нэмэлт	11	6
нэр	49	25
нэрийг	4	4
нэршил	6	2
нэхэмжилсэн	5	2
нэхэмжлэгчийн	4	3
нээлттэй	10	7
нягтал	4	2
нягталж	2	2
нягтална	14	6
нягталсны	7	4
нягтлах	5	5
объектив	14	3
овог	4	3
огноо	13	7
одоогоор	48	23
ойлголтоос	6	2
ойлголтын	2	2
ойлгомжтой	6	2
ойн	5	4
ойролцоо	2	2
олгогч	3	1
олгоно	3	1
олгосон	5	4
олгохгүй	2	2
олдоогүй	5	3
олдсонгүй	46	21
олон	16	6
онлайн	4	2
онол	7	4
онолын	9	4
оноогоод	2	2
онооно	4	3
оноох	3	3
орж	4	3
орлохгүй	16	8
оролдоно	30	15
оролдоод	2	2
оролдох	5	4
оролцоо	8	4
оролцоог	5	2
орох	5	3
орсон	8	4
оруул	3	1
оруулаагүй	4	3
оруулалт	2	2
оруулах	6	6
оруулна	18	10
орхисон	3	1
орчин	17	8
орчинд	10	2
осол	6	3
осолд	8	2
очих	4	4
өгөгдлөөс	5	2
өгөгдөл	8	7
өгөгдсөн	4	4
өмгөөлөгчдийн	4	1
өөр	41	22
өөрийн	15	12
өөрийнхөөрөө	4	3
өөрөө	10	5
өөрчилсөн	2	2
өөрчлөлт	5	2
өөрчлөх	6	3
өрөө	2	2
патент	2	2
платформ	19	3
платформд	2	2
платформыг	5	1
практик	7	5
профайл	7	2
профайлаа	2	2
процедур	3	2
процесс	3	3
руу	23	10
рүү	14	11
саад	3	1
салбар	13	10
салбарын	4	3
салгаж	7	3
салгана	6	3
самбар	3	2
сан	20	8
санаанаасаа	4	3
санамж	3	1
сесс	10	7
сессийг	4	1
сессэд	5	4
скан	2	2
солих	7	3
солонгос	3	3
сонголт	2	2
сонирхол	3	2
сонсгол	3	2
статемент	2	2
субъектив	11	3
судалгаа	27	14
судалгаагаа	2	2
судалж	3	3
судлах	5	2
сунгана	3	1
сурвалж	53	17
сурвалжаас	15	6
сурвалжид	8	5
сурвалжийг	7	5
сурвалжийн	14	5
сурвалжтай	4	3
суртахууны	2	2
суурийг	2	2
суурийн	3	3
суурилсан	3	3
суурь	10	4
сууц	3	1
сэжигтэн	2	2
сэргээх	5	2
сэтгэгдэл	11	2
тааж	4	3
таамаг	3	3
таамаглаж	2	2
таамаглал	6	2
таамаглалаас	2	2
таамагласан	4	4
таамгаар	7	3
тааруулж	4	3
тайлбарла	8	3
тайлбарлан	3	2
тайлбарлана	3	2
тайлбарлах	2	2
тайлбарлахгүй	5	2
тал	46	9
талаар	23	14
талбар	9	7
талбарын	3	2
талд	5	2
талууд	3	3
талыг	7	2
талын	11	6
тамга	3	1
таныг	2	2
татгалзагдлаа	3	1
татгалзал	8	3
татгалзах	10	4
текст	26	13
текстээс	2	2
тест	9	7
тийм	9	6
товч	21	7
тогтворгүй	4	2
тогтмол	2	2
тогтоогдоогүй	3	3
тогтооно	4	3
тогтоох	8	5
тод	5	3
тодорхой	38	14
тодорхойгүй	18	10
тодорхойл	5	5
тодорхойлж	4	4
тодорхойлно	2	2
тодорхойлолт	8	4
тодорхойлох	10	8
тодруул	3	1
тодруулаад	2	2
тодруулах	8	3
тодруулга	4	3
тодруулж	3	2
тодруулна	2	2
томъёо	2	2
томьёо	6	3
томьёогоор	2	2
тоо	8	4
тоомсорлож	3	3
тоомсорлоно	3	2
тооцоолно	4	3
тооцох	3	2
тохиолдлын	5	2
тохиолдол	28	7
тохиолдолд	13	7
тохиолдсон	2	2
тохиргоо	15	11
тохирох	7	6
тохирсон	4	3
тохируулагдаагүй	12	3
төв	3	2
төвлөрүүл	3	1
төгрөгийн	3	1
төгсгөлд	4	1
төгссөн	3	1
төдий	3	1
төлөгдөөгүй	2	2
төлөөлөл	3	2
төлөөлөх	4	2
төрөл	20	11
төстэй	2	2
төхөөрөмж	6	2
төхөөрөмжийн	5	5
төхөөрөмжөөс	7	7
трайс	6	6
тул	35	22
тулгаж	2	2
тулгана	5	2
тулгарсан	2	2
тулгах	3	2
тулгуурлан	10	4
тулгуурласан	3	3
тулд	30	17
туршлага	3	1
тус	12	3
тусад	20	6
тусдаа	13	6
туслагч	5	1
тусламж	8	4
тухайлсан	2	2
тушаал	4	3
түвшинд	4	4
түвшний	3	1
түдгэлзүүлсэн	5	2
түрээс	3	3
түүн	3	3
түүний	3	2
түүнээс	2	2
түүхэн	4	2
тэй	2	2
тэмдэг	3	3
тэмдэглэ	13	8
тэмдэглэл	16	5
тэмдэглэнэ	4	2
тэмдэгт	8	5
тэмдэгтээс	5	4
тэтгэлэг	4	2
удаагийн	2	2
удахгүй	19	10
удирдана	3	2
уншигдах	7	3
урсгал	3	2
урт	5	3
уршиг	6	1
урьдчилан	13	6
урьдчилсан	14	5
устгах	12	6
ухаалаг	2	2
үгүй	7	6
үгүйсгэх	11	2
үед	17	9
үеийн	6	2
үзэмж	5	2
үйл	33	9
үйлдэхүй	4	2
үйлчлүүлэгч	10	3
үйлчлүүлэгчид	7	2
үйлчлэл	3	2
үлдсэн	6	2
үлдэгдэл	2	2
үлдэнэ	4	2
үлдээнэ	3	2
үлдээсэн	2	2
үндсэн	17	12
үндэслэл	34	7
үндэслэлгүй	5	3
үндэслэлийг	4	3
үндэслэлийн	5	2
үндэслэлтэй	2	2
үндэслэлээр	5	1
үндэслэн	6	5
үндэслэсэн	2	2
үнэл	4	3
үнэлгээ	16	8
үнэлэх	5	3
үнэмлэхийн	5	1
үнэн	5	3
үргэлжлүүлнэ	2	2
үргэлжлүүлэх	4	3
үсрэхгүй	6	2
үсэг	6	3
үүний	3	2
үүнийг	7	6
үүсгэж	11	6
үүсгэсэн	11	11
үүсгэх	18	10
үүсгээгүй	3	2
үүсгээд	4	4
үүссэн	24	6
үүсээгүй	5	1
фактийн	2	2
фирм	8	2
формат	4	2
хаагдсан	3	1
хавсаргаагүй	2	2
хавсаргаж	3	3
хавсаргана	8	5
хавсаргасан	16	6
хавсаргах	11	11
хавсаргахад	16	11
хагалсан	2	2
хадгалагдана	2	2
хадгалагдлаа	11	3
хадгалагдсан	2	2
хадгалж	9	7
хайлт	2	2
хал	3	1
халсан	5	3
хамаарал	9	3
хамаарч	12	5
хамгаалагдсан	3	2
хамгаалалт	6	3
хамгаалалтын	4	3
хамгийн	8	4
хамт	3	3
хамтран	10	5
хамтын	3	1
хангагдсан	3	2
хангалтгүй	9	5
хангалттай	15	7
хангана	4	1
хангасан	11	2
хангах	5	2
хандана	4	1
хараахан	6	6
харагдаж	5	3
харагдана	11	6
харагдахгүй	6	5
харагдац	2	2
харилцаа	12	5
харилцааг	2	2
харилцаанд	3	3
хариуцагч	5	5
харуулах	4	4
харуулахгүй	2	2
харуулна	3	3
харьяалал	12	6
харьяаллын	3	2
хатгагч	6	1
хатуу	6	2
хаяг	6	2
хаягаа	4	2
хаяж	3	3
хийгдсэн	3	3
хийгдээгүй	8	8
хийсвэр	3	1
хийсний	2	2
хичээл	2	2
хоёуланг	2	2
холбогдоно	8	5
холбогдоогүй	3	3
холбогдох	21	9
холбогдоход	6	5
холбогдсон	7	4
холбож	4	3
холбоно	3	2
холбоо	13	6
холбоогүй	2	2
холбооны	4	2
холбоос	21	6
холбоосоор	3	3
хольж	12	3
хоногийн	8	2
хооронд	5	4
хоорондын	2	2
хоосон	6	1
хориглоно	4	2
хориглосон	2	2
хориотой	2	2
хөгжүүлэгчийн	2	2
хөдөлгүүрийг	3	1
хөдөлмөрийн	7	6
хөөн	5	4
хөрөнгөжих	4	2
хуваарь	8	2
хувилбар	10	8
хувилбарыг	2	2
хулгай	3	1
хурдасгах	2	2
хуудас	22	6
хуудсанд	7	4
хуудсыг	2	2
хуулагдлаа	2	2
хуульч	42	8
хуульчтай	3	2
хуурамч	2	2
хүрээ	2	2
хүсэлт	39	9
хүсэлтийг	9	3
хүчингүйд	4	2
хэв	2	2
хэвшлийг	3	3
хэвшлээр	4	3
хэвээр	3	2
хэд	2	2
хэдийн	2	2
хэдэн	4	4
хэзээ	11	5
хэлбэр	26	7
хэлбэрийг	3	2
хэлбэрийн	9	3
хэлбэрээр	3	3
хэлхээс	3	3
хэлцэл	3	1
хэлэлцэх	5	4
хэм	12	5
хэмнэх	5	3
хэрэгжээгүй	2	2
хэрэглэгдэх	4	2
хэрэглэнэ	4	3
хэрэглэсэн	14	3
хэрэглэх	11	9
хэрэглээний	3	3
хэт	5	5
хэтрэхгүй	5	4
хэтэрлээ	2	2
хэтэрсэн	5	3
хязгаар	5	3
хязгаарлаж	2	2
хязгаарт	4	1
хянагдаж	4	1
хянана	3	2
хянах	4	3
хянуулахаар	3	1
цаашид	6	1
цагаатгаад	2	2
цалингаа	4	1
цоорхой	7	5
цуцалбал	3	1
цуцалсан	4	4
цуцлалт	3	2
цуцлах	14	12
цэвэрлэх	7	5
цэгцлэх	3	2
цэгцэлж	2	2
цэс	7	3
цэц	3	1
цээжлэх	3	2
чадаагүй	3	3
чадаагүйгээ	2	2
чадамж	3	3
чадахгүй	6	3
чадвар	5	4
чадвартай	3	2
чадсангүй	29	12
чат	5	4
чиг	7	2
чиглэл	23	5
чиглэсэн	7	4
чирж	4	4
чухал	3	1
шаардаж	3	1
шаардана	4	3
шаарддаг	3	3
шаардлага	30	7
шаардлагагүй	11	7
шаардлагатай	50	21
шаардлагыг	17	5
шаардлагын	2	2
шаардсан	3	3
шалгагдаж	3	2
шалгагдана	2	2
шалгагч	5	4
шалгалт	11	6
шалгуур	11	6
шалгуураар	3	2
шалтгаан	9	4
шалтгаант	3	2
шалтгааныг	2	2
шат	16	4
шатанд	6	4
шатлан	3	1
шатны	3	2
шаттай	2	2
шатыг	10	4
шийдвэрлүүлэхийн	4	3
шийдлийг	4	2
шийднэ	3	2
шийдэх	2	2
шилжинэ	3	3
шилжүүлнэ	5	3
шилжүүлэх	5	5
шилжүүлэхгүй	3	1
шинжилж	3	3
шинэчилсэн	13	10
шинэчлэгдлээ	4	2
шинэчлэгдсэн	4	4
шинэчлэгдэнэ	2	2
шинэчлэх	4	2
шууд	29	9
шуух	2	2
шүүгдэгч	2	2
шүүлтүүр	4	1
шүүлтүүрт	6	5
эвдэхийн	3	3
эдгээр	4	4
элемент	24	5
элементийн	4	2
элементүүд	3	2
элементүүдийг	3	1
элементэд	4	2
элементээр	6	1
энгийн	7	1
энд	22	14
эндээс	11	9
энэхүү	9	2
эрсдэл	11	5
эрсдэлт	3	1
эрсдэлтэй	4	4
эрүү	3	3
эрхлэх	2	2
эсрэг	10	5
эсэргүүцэх	2	2
эсэхийг	24	11
этгээд	19	7
этгээдийг	3	1
этгээдийн	10	5
этгээдэд	4	3
эхийг	9	5
эхлүүлнэ	2	2
эхлүүлсэн	2	2
эхлүүлээрэй	2	2
эхний	3	3
эхэлж	4	2
эхэнд	5	3
эхээр	6	4
эхээс	13	7
эцсийн	14	8
эцэст	4	2
ээлжид	3	2
ээс	5	3
юуг	2	2
яаж	6	3
яах	6	5
явуулахыг	3	2
явцад	9	6
ялах	3	2
ялга	10	5
ялгаа	3	2
ялгаад	2	2
ялгаж	3	3
ялгана	5	3
ялгах	2	2
яллагдагч	2	2
ялна	5	2
ямар	47	19
яриа	28	14
яриагаар	3	3
ярианууд	2	2
ярилцсан	4	1
